,Name,Total,Profit,Loss,Sim,Un,R-value,Win Rate %
0,Total,11,4,6,0,1,-0.4933333333331045,36.36363636363637
1,Block 1.0,2,0,2,0,0,-2.0,0.0
2,Block 2.0,4,0,4,0,0,-4.0,0.0
3,Block 3.0,1,1,0,0,0,1.0200000000000577,100.0
4,Block 4.0,0,0,0,0,0,0.0,0.0
5,Block 5.0,0,0,0,0,0,0.0,0.0
6,Block 6.0,3,3,0,0,0,4.486666666666838,100.0
7,Block 7.0,0,0,0,0,0,0.0,0.0
8,Block 8.0,1,0,0,0,1,0.0,0.0
