,Name,Total,Profit,Loss,Sim,Un,R-value,Win Rate %
0,Total,17,11,6,0,0,10.840000000000723,64.70588235294117
1,Block 1.0,9,9,0,0,0,14.76000000000064,100.0
2,Block 2.0,2,0,2,0,0,-2.0,0.0
3,Block 3.0,1,0,0,0,0,0.0,0.0
4,Block 4.0,0,0,1,0,0,-1.0,0.0
5,Block 5.0,3,0,3,0,0,-3.0,0.0
6,Block 6.0,2,2,0,0,0,2.0800000000000827,100.0
7,Block 7.0,0,0,0,0,0,0.0,0.0
