,rvalue,fiftypercentHitPos,fiftypercentvalue,gapopenvalue,tradeopenpos,slvalue,Gap Size
rvalue,1.0,-0.04331283775425643,-0.1667610667932465,-0.16441133218368698,-0.053063485099768715,-0.16447610371434981,0.10641481865759976
fiftypercentHitPos,-0.04331283775425643,1.0,0.04354055564787541,0.04671212419867916,0.46788225443583065,0.0470260199296914,0.06533842187490209
fiftypercentvalue,-0.1667610667932465,0.04354055564787541,1.0,0.9992529750068185,0.12999401732831678,0.9997384122978215,-0.30984440750820125
gapopenvalue,-0.16441133218368698,0.04671212419867916,0.9992529750068185,1.0,0.11975156055832663,0.9997281504595845,-0.2728690838971234
tradeopenpos,-0.053063485099768715,0.46788225443583065,0.12999401732831678,0.11975156055832663,1.0,0.12590580449308472,-0.2898803827807695
slvalue,-0.16447610371434981,0.0470260199296914,0.9997384122978215,0.9997281504595845,0.12590580449308472,1.0,-0.29164183636381763
Gap Size,0.10641481865759976,0.06533842187490209,-0.30984440750820125,-0.2728690838971234,-0.2898803827807695,-0.29164183636381763,1.0
