,Name,Total,Profit,Loss,Sim,Un,R-value,Win Rate %
0,Total,37,17,20,0,0,3.239999999999336,45.94594594594595
1,Block 1.0,9,9,0,0,0,11.113333333333209,100.0
2,Block 2.0,5,0,5,0,0,-5.0,0.0
3,Block 3.0,1,0,0,0,0,0.0,0.0
4,Block 4.0,0,0,1,0,0,-1.0,0.0
5,Block 5.0,14,0,14,0,0,-14.0,0.0
6,Block 6.0,8,8,0,0,0,12.12666666666613,100.0
7,Block 7.0,0,0,0,0,0,0.0,0.0
