,Name,Total,Profit,Loss,Sim,Un,R-value,Win Rate %
0,Total,20,3,17,0,0,-13.313333333333492,15.0
1,Block 1.0,10,0,10,0,0,-10.0,0.0
2,Block 2.0,7,0,7,0,0,-7.0,0.0
3,Block 3.0,1,1,0,0,0,1.4599999999999052,100.0
4,Block 4.0,0,0,0,0,0,0.0,0.0
5,Block 5.0,0,0,0,0,0,0.0,0.0
6,Block 6.0,2,2,0,0,0,2.2266666666666035,100.0
7,Block 7.0,0,0,0,0,0,0.0,0.0
8,Block 8.0,0,0,0,0,0,0.0,0.0
