,rvalue,gapclosepos,gapcopenpos,tpvalue,slvalue
rvalue,1.0,-0.12668417581570635,-0.06185751149435705,-0.25656365397869196,-0.2689216076697048
gapclosepos,-0.12668417581570635,1.0,0.8497847152643404,0.23987639354580217,0.21574582626750125
gapcopenpos,-0.06185751149435705,0.8497847152643404,1.0,0.2706690478341026,0.29333432769653744
tpvalue,-0.25656365397869196,0.23987639354580217,0.2706690478341026,1.0,0.9915210142866596
slvalue,-0.2689216076697048,0.21574582626750125,0.29333432769653744,0.9915210142866596,1.0
