,rvalue,fiftypercentHitPos,fiftypercentvalue,gapopenvalue,tradeopenpos,slvalue
rvalue,1.0,0.4971722039227471,-0.0735953588746915,-0.07380748142107164,0.44231621959785433,-0.08090274956796235
fiftypercentHitPos,0.4971722039227471,1.0,-0.025058999812444322,-0.018995772505596233,0.9305151474029305,-0.023027715759960418
fiftypercentvalue,-0.0735953588746915,-0.025058999812444322,1.0,0.9988825114292216,-0.16733448365456796,0.9995756302743796
gapopenvalue,-0.07380748142107164,-0.018995772505596233,0.9988825114292216,1.0,-0.15269126763605023,0.9996789915526887
tradeopenpos,0.44231621959785433,0.9305151474029305,-0.16733448365456796,-0.15269126763605023,1.0,-0.15799132599164717
slvalue,-0.08090274956796235,-0.023027715759960418,0.9995756302743796,0.9996789915526887,-0.15799132599164717,1.0
